{
	"format_version": "1.8.0",
	"minecraft:spawn_rules": {
		"description": {
			"identifier": "minecraft:frog",
			"population_control": "animal"
		},
		"conditions": [
			{
				"minecraft:spawns_on_surface": {
				},
				"minecraft:weight": {
					"default": 100
				},
				"minecraft:herd": {
					"min_size": 2,
					"max_size": 6
				},
				"minecraft:height_filter": {
					"min": 63,
					"max": 200
				},
				"minecraft:biome_filter": {
					"test": "has_biome_tag", "operator": "==", "value": "swamp"
				}
			}
		]
	}
}