{
	"format_version": "1.8.0",
	"minecraft:spawn_rules": {
		"description": {
			"identifier": "minecraft:tadpole",
			"population_control": "animal"
		},
		"conditions": [
			{
				"minecraft:spawns_underwater": {
				},
				"minecraft:weight": {
					"default": 100
				},
				"minecraft:herd": {
					"min_size": 1,
					"max_size": 4
				},
				"minecraft:height_filter": {
					"min": 30,
					"max": 200
				},
				"minecraft:biome_filter": {
					"test": "has_biome_tag", "operator": "==", "value": "swamp"
				}
			}
		]
	}
}