{
  "format_version": "1.16.0",
  "minecraft:feature_rules": {
    "description": {
      "identifier": "minecraft:overworld_underground_sculk_vein_feature",
      "places_feature": "minecraft:sculk_vein_cluster_feature"
    },
    "conditions": {
      "placement_pass": "after_underground_pass",
      "minecraft:biome_filter": [
        {
          "test": "has_biome_tag", "operator": "==", "value": "deep_dark"
        }
      ]
    },
    "distribution": {
      "iterations": "Math.Random(40, 61)",
      "x": {
        "distribution": "uniform",
        "extent": [ 0, 16 ]
      },
      "y": {
        "distribution": "uniform",
        "extent": [ -64, 63 ]
      },
      "z": {
        "distribution": "uniform",
        "extent": [ 0, 16 ]
      }
    }
  }
}
